prediction_probs1,predicted,label
0.49425206,0,0
0.49563703,0,0
0.49389082,0,1
0.49702543,0,0
0.4941296,0,0
0.49465406,0,0
0.49399993,0,1
0.49569747,0,0
0.49443808,0,1
0.4952127,0,0
0.4937086,0,1
0.4953717,0,1
0.49488854,0,0
0.49505734,0,0
0.49508828,0,1
0.49637103,0,0
0.4949739,0,1
0.49555928,0,1
0.49401686,0,0
0.4952746,0,1
0.4966244,0,0
0.49617308,0,1
0.49507394,0,1
0.49436596,0,0
0.49346125,0,0
0.49532393,0,0
0.49529076,0,1
0.49558547,0,1
0.49468508,0,1
0.4960736,0,1
0.49502054,0,1
0.49628803,0,0
0.49449772,0,0
0.4936537,0,0
0.49432513,0,0
0.49434438,0,0
0.49679464,0,1
0.4968818,0,1
0.49446175,0,0
0.495401,0,0
0.49631196,0,1
0.49489734,0,1
0.49568552,0,1
0.4951827,0,0
0.49437344,0,0
0.49460208,0,0
0.49539816,0,1
0.4938701,0,0
0.49483356,0,0
0.49435648,0,0
0.4947523,0,0
0.4948883,0,1
0.49438155,0,1
0.49530724,0,1
0.495566,0,1
0.4958669,0,0
0.49353224,0,1
0.49411133,0,0
0.49417478,0,0
0.49440107,0,1
0.49651912,0,1
0.49409452,0,0
0.49545854,0,0
0.4936302,0,1
0.49668285,0,0
0.49446535,0,0
0.4952791,0,1
0.4956194,0,1
0.4945372,0,0
0.4938637,0,1
0.49451786,0,0
0.4952731,0,0
0.4950491,0,0
0.49465746,0,0
0.4937844,0,1
0.49418896,0,1
0.49661958,0,0
0.49412864,0,0
0.4957298,0,1
0.49474946,0,1
0.49516314,0,0
0.4962515,0,1
0.49488485,0,1
0.49416226,0,1
0.4967418,0,1
0.49626094,0,1
0.49597389,0,1
0.4951082,0,1
0.4963278,0,1
0.49511418,0,1
0.49513802,0,1
0.49390966,0,0
0.49618387,0,1
0.49686164,0,0
0.49454355,0,0
0.4944005,0,0
0.49455413,0,0
0.49444434,0,1
0.49556226,0,0
0.49495685,0,1
0.49575713,0,1
0.49469364,0,0
0.49556407,0,0
0.49422503,0,1
0.49565598,0,0
0.49501628,0,1
0.4938451,0,1
0.49693018,0,0
0.4967094,0,1
0.49619755,0,0
0.4956268,0,0
0.49412793,0,0
0.49394214,0,1
0.49475738,0,0
0.49470958,0,1
0.4959514,0,0
0.494248,0,1
0.49428073,0,1
0.49417058,0,0
0.4952562,0,1
0.4955856,0,0
0.49366626,0,0
0.49533662,0,0
0.49639305,0,0
0.49411455,0,0
0.49541005,0,0
0.49380916,0,0
0.4942995,0,0
0.49367833,0,0
0.49481985,0,1
0.49513963,0,0
0.49324548,0,1
0.4944223,0,1
0.49371314,0,0
0.4947781,0,1
0.49582943,0,0
0.49582437,0,1
0.49395117,0,0
0.49407572,0,1
0.49509266,0,0
0.4944938,0,0
0.49399456,0,0
0.49496365,0,0
0.49455652,0,1
0.494405,0,1
0.49504384,0,1
0.49524447,0,0
0.496045,0,0
0.49434,0,1
0.49561903,0,1
0.49518177,0,0
0.49518052,0,0
0.4948326,0,0
0.49586305,0,1
0.49466267,0,0
0.49497157,0,0
0.49630904,0,1
0.49637058,0,0
0.4942402,0,1
0.49621734,0,1
0.49450138,0,1
0.4952196,0,0
0.49474087,0,0
0.49465615,0,0
0.4940535,0,0
0.49604774,0,0
0.49426222,0,0
0.49466825,0,1
0.495942,0,0
0.49432686,0,1
0.49351084,0,1
0.4953517,0,0
0.4958567,0,1
0.49555227,0,1
0.49683908,0,0
0.49608073,0,0
0.49519143,0,0
0.49574775,0,0
0.49404824,0,1
0.49649757,0,0
0.49426964,0,0
0.49456418,0,0
0.49578202,0,1
0.4948698,0,0
0.4950824,0,1
0.49401543,0,0
0.4941684,0,1
0.4944647,0,1
0.49550572,0,0
0.49553695,0,1
0.49579597,0,0
0.49514145,0,1
0.49518585,0,1
0.49438256,0,1
0.49387035,0,0
0.49629435,0,1
0.49650246,0,0
0.49526945,0,1
0.49385062,0,0
0.49390694,0,0
0.49574524,0,0
0.49474582,0,0
0.49541363,0,1
0.49411115,0,1
0.49451125,0,0
0.49446973,0,1
0.49598476,0,0
0.495204,0,0
0.49659723,0,0
0.49426857,0,0
0.4940397,0,1
0.49618873,0,1
0.49483177,0,1
0.495834,0,1
0.4953498,0,1
0.49529794,0,0
0.49660578,0,0
0.49513453,0,0
0.4950282,0,0
0.49580017,0,0
0.49482158,0,1
0.4955316,0,0
0.4941106,0,1
0.49467424,0,1
0.4946359,0,0
0.49482387,0,0
0.49419427,0,0
0.49418208,0,1
0.495505,0,1
0.49400252,0,1
0.4953359,0,1
0.49632666,0,1
0.4951414,0,1
0.49421033,0,1
0.4953434,0,0
0.494447,0,0
0.49550202,0,0
0.4957747,0,0
0.4961186,0,0
0.49487317,0,1
0.4957939,0,0
0.49444443,0,0
0.49666932,0,0
0.49439356,0,0
0.49666047,0,1
0.49437526,0,1
0.49413073,0,0
0.49542335,0,0
0.49616477,0,1
0.49411657,0,1
0.49480152,0,1
0.49718514,0,0
0.4953981,0,0
0.49490198,0,1
0.49493468,0,0
0.49440217,0,0
0.49470225,0,1
0.49486482,0,1
0.49460876,0,0
0.49497563,0,1
0.4955418,0,0
0.49652597,0,0
0.49466437,0,0
0.4943381,0,0
0.49697074,0,0
0.49456674,0,1
0.4960452,0,0
0.49472103,0,1
0.4947416,0,1
0.4943706,0,0
0.49598244,0,1
0.4959714,0,0
0.49495324,0,0
0.49423108,0,1
0.49605116,0,1
0.49426234,0,0
0.49510953,0,0
0.4970943,0,0
0.4950685,0,1
0.4942137,0,0
0.49522153,0,0
0.49578965,0,1
0.4944279,0,1
0.4950068,0,0
0.4946576,0,0
0.49605498,0,1
0.49393022,0,1
0.4939411,0,1
0.4952769,0,1
0.49462938,0,0
0.4962434,0,1
0.4949302,0,0
0.49547014,0,0
0.494365,0,0
0.49556506,0,0
0.4947127,0,1
0.49622414,0,1
0.49494684,0,0
0.49417907,0,0
0.4944015,0,0
0.49453405,0,1
0.49664617,0,0
0.4949935,0,1
0.49541563,0,0
0.49525565,0,1
0.4959906,0,1
0.49507174,0,0
0.49656036,0,0
0.4949454,0,1
0.49566355,0,1
0.49484542,0,0
0.4944205,0,0
0.49427733,0,0
0.4968257,0,1
0.49506143,0,1
0.49695018,0,0
0.49433297,0,0
0.4947031,0,0
0.49617893,0,1
0.4957399,0,1
0.49478254,0,1
0.49403834,0,1
0.4955585,0,0
0.49378124,0,1
0.49507627,0,0
0.4945107,0,0
0.49525368,0,0
0.49593312,0,1
0.49294603,0,1
0.49497604,0,1
0.4941244,0,0
0.4948069,0,1
0.49460107,0,1
0.49469107,0,1
0.4942303,0,1
0.49383655,0,0
0.4942784,0,1
0.49461824,0,1
0.4952426,0,1
0.49619082,0,0
0.49421453,0,1
0.49543908,0,1
0.4949823,0,0
0.49506178,0,0
0.49424002,0,0
0.49494708,0,1
0.49488914,0,1
0.4943942,0,1
0.49585447,0,1
0.49558216,0,0
0.49504554,0,0
0.49547902,0,0
0.49555555,0,1
0.4968818,0,1
0.49592412,0,1
0.49432153,0,0
0.4946534,0,0
0.49486005,0,0
0.49434116,0,0
0.49401498,0,1
0.49474174,0,0
0.49517474,0,0
0.49441153,0,1
0.4961995,0,1
0.49547896,0,0
0.49480298,0,0
0.49527508,0,0
0.49352038,0,1
0.49399063,0,0
0.4960534,0,0
0.49698666,0,1
0.49618927,0,0
0.4945539,0,0
0.49460602,0,1
0.4957204,0,0
0.4952981,0,1
0.49416736,0,1
0.494306,0,1
0.49443004,0,1
0.4939618,0,0
0.49326628,0,0
0.49468312,0,1
0.4951431,0,0
0.49529967,0,0
0.49421257,0,1
0.49457163,0,0
0.49472517,0,0
0.4952102,0,1
0.4953998,0,0
0.49496356,0,0
0.49477717,0,0
0.49363163,0,1
0.494259,0,1
0.49508446,0,1
0.4947522,0,1
0.49598417,0,0
0.4944153,0,1
0.4950246,0,0
0.49429432,0,1
0.49454635,0,1
0.4944975,0,1
0.4942854,0,0
0.4947693,0,0
0.4950841,0,1
0.496445,0,1
0.49626923,0,0
0.49512377,0,1
0.49372342,0,1
0.4958308,0,1
0.4960008,0,1
0.49424046,0,1
0.4946219,0,0
0.49529505,0,0
0.49611616,0,0
0.4954885,0,1
0.4946808,0,0
0.49669114,0,0
0.49528807,0,0
0.49382585,0,0
0.49476838,0,0
0.49562833,0,0
0.4959304,0,0
0.49525377,0,0
0.49542955,0,0
0.49597707,0,1
0.4950179,0,0
0.49703482,0,1
0.49478963,0,0
0.4949378,0,1
0.49574316,0,1
0.49504542,0,1
0.4950817,0,1
0.49701944,0,0
0.4940701,0,1
0.49540126,0,0
0.49528688,0,0
0.49466074,0,1
0.49544603,0,0
0.4944859,0,0
0.49683908,0,0
0.49333304,0,0
0.4946971,0,1
0.49464837,0,0
0.49481595,0,1
0.49488485,0,0
0.49419487,0,0
0.4958274,0,1
0.49598104,0,0
0.49551985,0,0
0.4952745,0,0
0.49478656,0,0
0.4964593,0,0
0.49582,0,0
0.4964146,0,0
0.49663618,0,0
0.49478453,0,1
0.49568903,0,1
0.49385366,0,0
0.49538758,0,1
0.49497223,0,0
0.4939647,0,1
0.4950802,0,1
0.49499074,0,0
0.4948113,0,0
0.49570695,0,0
0.4966811,0,0
0.49512914,0,0
0.49475247,0,1
0.49560243,0,1
0.49477932,0,1
0.4942401,0,0
0.49436685,0,1
0.4959261,0,1
0.49345008,0,1
0.4947487,0,1
0.4950886,0,1
0.49619746,0,0
0.49459872,0,0
0.49516714,0,1
0.49660423,0,1
0.4942849,0,1
0.49475282,0,0
0.4952903,0,1
0.49685174,0,1
0.4957461,0,0
0.49452683,0,1
0.4939656,0,1
0.49532747,0,0
0.49475792,0,0
0.49471983,0,1
0.49383068,0,0
0.4963662,0,1
0.49632555,0,1
0.4958135,0,0
0.4938402,0,0
0.49395478,0,0
0.49657384,0,0
0.49545988,0,0
0.4954315,0,0
0.4951832,0,0
0.49453178,0,0
0.49564615,0,1
0.49453488,0,0
0.4946027,0,0
0.49412274,0,0
0.49476826,0,1
0.4945467,0,0
0.49519497,0,1
0.49523577,0,0
0.49563596,0,1
0.496267,0,1
0.49417382,0,1
0.4952497,0,0
0.49518478,0,0
0.49544314,0,0
0.49490267,0,1
0.4932371,0,1
0.49436796,0,0
0.494518,0,0
0.49505523,0,0
0.49433413,0,0
0.4966823,0,0
0.49617675,0,1
0.49586034,0,1
0.49505657,0,0
0.49594325,0,0
0.49619424,0,1
0.49416003,0,0
0.4953842,0,1
0.4957727,0,1
0.49464998,0,1
0.49561214,0,1
0.49421754,0,1
0.4952272,0,0
0.4947682,0,0
0.49504408,0,0
0.49561152,0,1
0.49470064,0,0
0.49435878,0,1
0.49475598,0,1
0.49443167,0,0
0.49412113,0,1
0.4961425,0,0
0.49582306,0,0
0.49521273,0,0
0.49449864,0,0
0.49439567,0,1
0.49450782,0,0
0.4946354,0,0
0.49450406,0,1
0.49584898,0,1
0.49446717,0,1
0.49450272,0,1
0.4943399,0,1
0.49526322,0,0
0.49514055,0,1
0.49348164,0,0
0.4949772,0,0
0.4946068,0,1
0.4951547,0,0
0.4948528,0,1
0.4949415,0,1
0.49417478,0,0
0.49397212,0,1
0.4958398,0,0
0.49664617,0,0
0.49493188,0,0
0.4947458,0,0
0.49725467,0,0
0.4949257,0,0
0.49625584,0,0
0.49577382,0,1
0.49449044,0,1
0.49595383,0,1
0.49527276,0,0
0.49424672,0,1
0.49445155,0,0
0.49450397,0,1
0.4956405,0,1
0.4944471,0,0
0.4948635,0,0
0.49682006,0,1
0.4940068,0,1
0.49476212,0,0
0.49461678,0,1
0.4941286,0,0
0.49665523,0,0
0.49603617,0,0
0.49621648,0,1
0.49455026,0,1
0.49517724,0,1
0.49541855,0,1
0.49458084,0,0
0.49474457,0,0
0.49510318,0,0
0.49405682,0,1
0.4939261,0,1
0.49515012,0,1
0.49384782,0,1
0.49609712,0,1
0.4944971,0,0
0.4947957,0,0
0.49407974,0,0
0.49591145,0,0
0.49333397,0,1
0.49393988,0,0
0.49439338,0,1
0.49499,0,0
0.49522585,0,0
0.49467912,0,0
0.49657652,0,0
0.49543774,0,1
0.49497607,0,1
0.49376485,0,0
0.49618965,0,1
0.49500564,0,1
0.4957341,0,0
0.49427754,0,1
0.49627587,0,1
0.49433303,0,1
0.49550167,0,0
0.49427122,0,1
0.49415535,0,1
0.49598116,0,0
0.49373382,0,0
0.49475345,0,0
0.49567866,0,0
0.49512517,0,0
0.49541453,0,1
0.49498805,0,1
0.49602303,0,0
0.49442145,0,1
0.49635962,0,0
0.49590635,0,0
0.49401885,0,1
0.49623245,0,1
0.4946674,0,0
0.49424472,0,0
0.49532846,0,0
0.49546188,0,1
0.49500936,0,1
0.4939826,0,1
0.49542582,0,1
0.4954623,0,0
0.49478585,0,0
0.49402642,0,1
0.49447986,0,0
0.49549362,0,0
0.49545652,0,1
0.49356386,0,1
0.4953059,0,0
0.4961407,0,0
0.49565485,0,1
0.4948363,0,1
0.49473113,0,0
0.4968181,0,1
0.494564,0,1
0.49468312,0,0
0.4939819,0,1
0.49450356,0,1
0.49620366,0,0
0.49537754,0,0
0.49536276,0,1
0.49574643,0,0
0.49500275,0,1
0.49394965,0,0
0.49594173,0,0
0.4959668,0,0
0.49574786,0,0
0.49442655,0,1
0.49373475,0,1
0.4953945,0,0
0.49466637,0,1
0.4957085,0,0
0.49523097,0,0
0.49528047,0,1
0.49611637,0,0
0.49468532,0,0
0.49466613,0,0
0.49611807,0,1
0.4944306,0,1
0.49472344,0,0
0.49587044,0,0
0.49430096,0,0
0.4945038,0,1
0.49480796,0,1
0.49476907,0,0
0.49537778,0,1
0.49562106,0,1
0.49487376,0,1
0.49426335,0,1
0.49558547,0,1
0.4941602,0,1
0.49427634,0,1
0.49359068,0,1
0.49502388,0,0
0.493859,0,1
0.49456066,0,0
0.49460182,0,1
0.49450782,0,1
0.49701026,0,1
0.49410003,0,1
0.496576,0,0
0.49544787,0,0
0.4945753,0,1
0.49437627,0,1
0.4961787,0,1
0.49406847,0,0
0.49484575,0,1
0.49418983,0,0
0.49415204,0,0
0.49480423,0,0
0.49488008,0,0
0.49694696,0,0
0.49528253,0,1
0.49527496,0,0
0.4948112,0,0
0.49537414,0,1
0.4945689,0,1
0.49459216,0,1
0.494224,0,0
0.4955332,0,1
0.49500358,0,0
0.4947422,0,0
0.4936661,0,0
0.49620798,0,1
0.4947205,0,0
0.4949669,0,0
0.49533936,0,1
0.4956268,0,0
0.49385664,0,0
0.49611557,0,0
0.49386272,0,1
0.4944468,0,0
0.49501935,0,1
0.49498546,0,0
0.49589947,0,0
0.49446106,0,1
0.49692637,0,0
0.49391642,0,1
0.49400887,0,0
0.49439484,0,1
0.49552834,0,1
0.4946807,0,0
0.4941326,0,1
0.4941441,0,0
0.49580508,0,1
0.49485987,0,1
0.49599555,0,1
0.49512005,0,1
0.4959337,0,0
0.49692506,0,1
0.4961503,0,1
0.4950643,0,0
0.49431118,0,0
0.4948906,0,0
0.4964554,0,1
0.4941045,0,1
0.49482602,0,0
0.4957518,0,0
0.49466375,0,0
0.49520415,0,0
0.4939917,0,1
0.49566725,0,0
0.4943805,0,0
0.49612263,0,0
0.4945875,0,1
0.4955572,0,0
0.49412006,0,1
0.49668908,0,0
0.49625307,0,0
0.49540418,0,1
0.49490508,0,1
0.49593318,0,1
0.4940411,0,1
0.4956756,0,1
0.49421966,0,0
0.49578458,0,0
0.49596745,0,1
0.49564078,0,0
0.49575448,0,1
0.49587426,0,1
0.49465796,0,0
0.49581057,0,1
0.49424127,0,1
0.49580586,0,1
0.4955198,0,0
0.49499652,0,1
0.49466485,0,0
0.49563026,0,1
0.4957361,0,0
0.4965638,0,0
0.49605584,0,0
0.49563977,0,0
0.49512884,0,0
0.49487472,0,1
0.4949578,0,1
0.49531326,0,0
0.49464703,0,1
0.49471164,0,1
0.4940922,0,1
0.49420038,0,0
0.49684033,0,0
0.4948534,0,1
0.49485457,0,0
0.4941217,0,1
0.4968426,0,1
0.49414906,0,0
0.4942533,0,1
0.49543777,0,0
0.493519,0,0
0.49526805,0,1
0.49524984,0,1
0.49495518,0,0
0.4947686,0,1
0.49522823,0,0
0.4949395,0,0
0.4950169,0,1
0.49343207,0,0
0.49521744,0,1
0.4950491,0,1
0.49467635,0,0
0.49392384,0,0
0.49561775,0,1
0.495527,0,0
0.49359933,0,0
0.49521485,0,1
0.49430135,0,0
0.49526396,0,0
0.4939563,0,0
0.49490085,0,0
0.49373272,0,0
0.4938742,0,0
0.4933393,0,0
0.49431008,0,0
0.4943615,0,0
0.49428555,0,1
0.49410048,0,1
0.4943158,0,0
0.49512973,0,1
0.49461585,0,1
0.49574617,0,1
0.49463475,0,0
0.49452585,0,1
0.49574482,0,1
0.4956085,0,1
0.49494722,0,1
0.4942391,0,0
0.49470893,0,0
0.49480876,0,0
0.49488905,0,0
0.49448583,0,1
0.49445257,0,1
0.4940329,0,1
0.49621582,0,0
0.49615076,0,1
0.49473956,0,0
0.49522275,0,0
0.49454474,0,1
0.4946283,0,1
0.494884,0,0
0.49672434,0,1
0.49521154,0,0
0.49678344,0,0
0.49514827,0,1
0.49545243,0,1
0.49501446,0,0
0.49481657,0,0
0.49502808,0,0
0.49448103,0,0
0.4942775,0,0
0.49424982,0,0
0.49394864,0,0
0.49595723,0,1
0.49688956,0,1
0.4946094,0,0
0.4971211,0,0
0.49480903,0,1
0.49471653,0,0
0.49435008,0,0
0.4954427,0,1
0.49410003,0,1
0.49591818,0,1
0.4937884,0,1
0.4960163,0,1
0.49479562,0,0
0.49505818,0,1
0.49487326,0,0
0.4943357,0,0
0.49491224,0,1
0.49470833,0,1
0.4944967,0,1
0.4945432,0,0
0.4954467,0,0
0.49551216,0,1
0.49592793,0,0
0.49529892,0,1
0.49488014,0,0
0.4960912,0,0
0.49419788,0,0
0.4972499,0,1
0.49480227,0,0
0.4943766,0,1
0.49560887,0,0
0.49496502,0,1
0.49699637,0,1
0.49618894,0,0
0.4960133,0,1
0.49484888,0,0
0.4943386,0,0
0.49477798,0,0
0.49526903,0,0
0.4946101,0,1
0.49540713,0,0
0.49521953,0,1
0.49568754,0,1
0.4952499,0,0
0.4946311,0,0
0.49518517,0,1
0.49492508,0,0
0.49485615,0,0
0.4961175,0,0
0.494343,0,0
0.4940227,0,0
0.4953421,0,1
0.49448845,0,0
0.4967953,0,0
0.49425104,0,1
0.49549788,0,0
0.4959527,0,0
0.49589473,0,0
0.49430498,0,1
0.49460557,0,0
0.49438775,0,1
0.49582037,0,1
0.49591237,0,0
0.495064,0,1
0.49449474,0,1
0.49409348,0,0
0.49560145,0,0
0.49531382,0,0
0.49493474,0,0
0.4938515,0,1
0.4944377,0,1
0.4953929,0,1
0.4951273,0,1
0.49585906,0,1
0.49566647,0,0
0.4946902,0,0
0.49542195,0,1
0.4941258,0,0
0.49479952,0,1
0.49586013,0,0
0.49549136,0,1
0.49564296,0,0
0.4944957,0,0
0.4943365,0,1
0.4962932,0,1
0.49583814,0,1
0.49513906,0,0
0.49590772,0,0
0.4950447,0,1
0.49366635,0,1
0.49541393,0,1
0.49434587,0,0
0.49512026,0,0
0.49623418,0,1
0.49453622,0,1
0.4952345,0,1
0.49408904,0,1
0.49432358,0,1
0.49419874,0,1
0.494615,0,0
0.4950247,0,1
0.49446204,0,1
0.49429995,0,1
0.49683908,0,0
0.4948289,0,1
0.49565738,0,1
0.49427414,0,1
0.4950983,0,0
0.4938096,0,1
0.49451458,0,0
0.4947443,0,1
0.49441192,0,1
0.49455968,0,0
0.49361712,0,1
0.49580422,0,1
0.4936066,0,1
0.4952343,0,1
0.49599913,0,1
0.49385884,0,0
0.49540135,0,0
0.4950238,0,0
0.4949557,0,1
0.49362478,0,0
0.4949351,0,1
0.49431542,0,1
0.493866,0,0
0.49549383,0,1
0.49503994,0,0
0.49509588,0,0
0.4962587,0,0
0.49476948,0,0
0.49686635,0,1
0.49552163,0,0
0.49578866,0,1
0.4943779,0,0
0.4948052,0,0
0.4953864,0,1
0.4968341,0,0
0.49513257,0,1
0.495221,0,0
0.49564546,0,0
0.4941599,0,1
0.49538702,0,1
0.49549085,0,0
0.49414557,0,0
0.49500296,0,0
0.4939527,0,1
0.49611872,0,0
0.49670598,0,0
0.49471864,0,0
0.496409,0,1
0.4945221,0,0
0.49472168,0,0
0.49461636,0,0
0.49405378,0,0
0.49502835,0,0
0.49403137,0,0
0.49569517,0,0
0.49453658,0,0
0.49546656,0,0
0.4955655,0,0
0.49590603,0,0
0.4942117,0,1
0.49570674,0,1
0.49627447,0,1
0.49568552,0,1
0.4956049,0,1
0.49438995,0,0
0.4943819,0,0
0.49454412,0,0
0.49696064,0,1
0.49560803,0,1
0.4961395,0,1
0.49453044,0,0
0.49493763,0,0
0.49598363,0,1
0.4946898,0,1
0.4944766,0,1
0.4950415,0,1
0.49471995,0,0
0.494897,0,1
0.49617818,0,0
0.49524125,0,0
0.49480462,0,1
0.49553326,0,0
0.49508923,0,1
0.49345708,0,1
0.4959694,0,1
0.49399385,0,0
0.49498284,0,1
0.49543372,0,0
0.49705675,0,1
0.49377823,0,1
0.49468803,0,0
0.49586546,0,1
0.49466756,0,0
0.49514183,0,1
0.49424002,0,0
0.49399033,0,0
0.49447986,0,0
0.49559483,0,0
0.49373114,0,1
0.49419984,0,1
0.49489272,0,0
0.4935889,0,0
0.4955995,0,1
0.4948544,0,1
0.49487317,0,1
0.4946373,0,0
0.49533474,0,1
0.49451357,0,0
0.49597788,0,1
0.4945822,0,1
0.4968818,0,1
0.49486747,0,0
0.49604508,0,0
0.4944022,0,0
0.4940493,0,1
0.49597988,0,1
0.49307615,0,0
0.49613798,0,1
0.4947079,0,1
0.4943075,0,1
0.49512574,0,1
0.49434683,0,0
0.4965139,0,1
0.4945187,0,0
0.4954407,0,1
0.49560064,0,0
0.4940358,0,0
0.4952595,0,0
0.49496073,0,1
0.4952473,0,0
0.4939297,0,0
0.4936727,0,0
0.49498227,0,0
0.49523413,0,0
0.49460673,0,0
0.49437636,0,0
0.49563143,0,0
0.49443892,0,1
0.49473977,0,1
0.4948607,0,0
0.4953403,0,0
0.49552238,0,0
0.4940249,0,0
0.49461985,0,1
0.49440822,0,1
0.49440214,0,0
0.49601915,0,1
0.49414018,0,1
0.49453327,0,0
0.49509922,0,1
0.4945142,0,0
0.49594295,0,1
0.49568552,0,0
0.4948015,0,0
0.4945072,0,0
0.49430764,0,0
0.4972132,0,1
0.49669942,0,1
0.4943756,0,0
0.49549663,0,1
0.4970187,0,0
0.49675652,0,0
0.4963577,0,0
0.49542388,0,0
0.49472946,0,1
0.4938247,0,1
0.49366507,0,0
0.49411806,0,0
0.49702713,0,0
0.49549073,0,1
0.49605235,0,0
0.49368587,0,1
0.49574074,0,0
0.49391645,0,0
0.49434537,0,0
0.49439245,0,1
0.49642068,0,1
0.49558768,0,1
0.49459025,0,0
0.4941324,0,0
0.49499318,0,0
0.49641266,0,0
0.4950732,0,1
0.4940386,0,1
0.49507564,0,0
0.4956928,0,1
0.49701205,0,1
0.49462146,0,1
0.4968818,0,0
0.49517167,0,0
0.49417955,0,0
0.49516398,0,0
0.4945763,0,0
0.49479878,0,0
0.4946271,0,1
0.49397624,0,1
0.4953677,0,1
0.49390212,0,0
0.49389192,0,1
0.49634376,0,1
0.49513116,0,0
0.49582633,0,0
0.49566108,0,1
0.49502194,0,0
0.49531117,0,1
0.49509695,0,1
0.49588603,0,0
0.49521396,0,0
0.4951023,0,1
0.49435645,0,1
0.4960592,0,1
0.4945994,0,1
0.49485442,0,0
0.49550754,0,0
0.49608645,0,1
0.49369183,0,0
0.49610382,0,0
0.49491057,0,0
0.49508774,0,0
0.49439397,0,1
0.49654043,0,1
0.4947651,0,0
0.49509722,0,0
0.49662396,0,1
0.4936413,0,1
0.49479386,0,0
0.4936661,0,0
0.49385056,0,1
0.49415943,0,0
0.49595422,0,0
0.49495584,0,1
0.495728,0,1
0.49424,0,1
0.49544492,0,1
0.49575394,0,0
0.49380282,0,0
0.49551347,0,1
0.4966251,0,1
0.49474195,0,1
0.49690896,0,0
0.49434903,0,1
0.49476972,0,0
0.4956716,0,1
0.49414673,0,0
0.49516836,0,0
0.49409825,0,0
0.49447232,0,0
0.49545103,0,1
0.49584317,0,1
0.49519005,0,0
0.4969557,0,1
0.49513766,0,1
0.49610692,0,0
0.4939078,0,0
0.49572927,0,0
0.49712896,0,1
0.4948277,0,0
0.49423432,0,0
0.4968288,0,1
0.49556485,0,1
0.49405804,0,1
0.49607077,0,1
0.49499163,0,0
0.49437374,0,1
0.49390543,0,1
0.49552262,0,1
0.49531424,0,1
0.49540615,0,1
0.49628273,0,1
0.49408525,0,0
0.49739328,0,0
0.49547407,0,0
0.49505547,0,0
0.4943371,0,0
0.4958013,0,0
0.4955837,0,1
0.49531153,0,1
0.49607924,0,0
0.49635258,0,1
0.49446294,0,1
0.4965534,0,1
0.49464044,0,0
0.49332714,0,0
0.49467838,0,1
0.49455395,0,0
0.49475157,0,1
0.49481365,0,1
0.49539357,0,0
0.49513048,0,1
0.49712,0,1
0.4940286,0,1
0.49500287,0,1
0.49402347,0,0
0.4949564,0,0
0.49481568,0,1
0.49519002,0,1
0.49342802,0,1
0.4953661,0,0
0.4950973,0,0
0.49440423,0,0
0.4950605,0,0
0.49650195,0,1
0.49717662,0,1
0.4944008,0,0
0.49455726,0,1
0.49479008,0,0
0.49487317,0,1
0.49442518,0,0
0.49429238,0,0
0.49507278,0,0
0.49565858,0,1
0.49525645,0,1
0.49452505,0,0
0.49354386,0,0
0.49554697,0,1
0.49461523,0,0
0.49501935,0,0
0.49576563,0,0
0.4943646,0,0
0.49580094,0,1
0.4945442,0,0
0.49370086,0,1
0.49512336,0,0
0.49607244,0,0
0.4947412,0,1
0.49419507,0,1
0.49494034,0,0
0.49528453,0,1
0.49555632,0,1
0.4949107,0,0
0.4964203,0,0
0.49420804,0,0
0.49463612,0,0
0.49712428,0,0
0.4956524,0,0
0.49374363,0,1
0.494482,0,1
0.49483976,0,1
0.49580902,0,1
0.49556598,0,1
0.49451002,0,0
0.4939574,0,0
0.49599394,0,1
0.49507838,0,1
0.49509725,0,0
0.4946019,0,1
0.49524972,0,0
0.49399507,0,1
0.4941187,0,1
0.49516934,0,1
0.4954856,0,1
0.49491286,0,0
0.4955069,0,1
0.49572703,0,0
0.49441713,0,1
0.49626416,0,0
0.49451807,0,0
0.49515656,0,0
0.4954099,0,0
0.4942088,0,1
0.4959452,0,1
0.49560544,0,0
0.4949963,0,1
0.49470803,0,1
0.49463695,0,0
0.49651283,0,1
0.49369234,0,1
0.49501762,0,1
0.49591818,0,0
0.4947799,0,0
0.49520954,0,0
0.49398342,0,1
0.49565646,0,0
0.49712846,0,0
0.49573466,0,1
0.49670333,0,0
0.4948667,0,1
0.49491382,0,0
0.49483132,0,0
0.4946236,0,0
0.49659896,0,1
0.4963827,0,0
0.49410513,0,1
0.49537796,0,1
0.4947858,0,1
0.4953129,0,1
0.4964198,0,0
0.4956603,0,1
0.49543124,0,1
0.49419874,0,0
0.4939389,0,1
0.4943534,0,1
0.49417838,0,1
0.49535066,0,1
0.49446145,0,0
0.49475926,0,1
0.4947615,0,0
0.49665242,0,0
0.49481937,0,0
0.49458528,0,1
0.49628362,0,1
0.49476323,0,1
0.49567896,0,0
0.49410123,0,1
0.49712008,0,0
0.49473515,0,1
0.4939116,0,1
0.4944247,0,1
0.49660283,0,1
0.49535066,0,1
0.493686,0,0
0.4949791,0,1
0.49576703,0,0
0.49647874,0,1
0.49494687,0,1
0.49372727,0,0
0.49341068,0,0
0.49521777,0,0
0.49454817,0,1
0.49469924,0,0
0.494571,0,1
0.49416536,0,0
0.49421558,0,1
0.4945951,0,0
0.49439508,0,1
0.49454013,0,1
0.49532455,0,0
0.4952433,0,1
0.494434,0,0
0.49637592,0,0
0.49567646,0,1
0.49593526,0,1
0.495136,0,0
0.4951056,0,1
0.49559534,0,0
0.49471873,0,0
0.494239,0,1
0.49480647,0,0
0.4938045,0,1
0.49393126,0,1
0.4947117,0,0
0.49552915,0,0
0.494927,0,0
0.49480516,0,0
0.49360242,0,0
0.49471152,0,0
0.4947444,0,0
0.49561223,0,1
0.49537462,0,1
0.49678344,0,0
0.4952342,0,0
0.49551222,0,0
0.494065,0,0
0.49529597,0,1
0.49680132,0,1
0.4951921,0,1
0.49536836,0,1
0.49433413,0,0
0.49558055,0,1
0.49709707,0,1
0.495883,0,1
0.4946763,0,1
0.49580094,0,1
0.49496824,0,0
0.49493405,0,0
0.49519113,0,0
0.49500418,0,0
0.49402022,0,1
0.49555406,0,0
0.49542508,0,0
0.49590328,0,1
0.49527994,0,0
0.49556434,0,1
0.49637985,0,1
0.49456257,0,0
0.4959923,0,1
0.49606586,0,0
0.49551,0,1
0.49505392,0,1
0.4946648,0,1
0.49517,0,0
0.49562314,0,0
0.49578562,0,0
0.49577376,0,1
0.4956229,0,0
0.4952821,0,1
0.49497512,0,0
0.4960216,0,1
0.49498624,0,1
0.49495494,0,0
0.4947409,0,0
0.49459535,0,1
0.49426773,0,1
0.49543917,0,0
0.49524426,0,0
0.4955207,0,1
0.49673143,0,0
0.4935744,0,0
0.49589977,0,0
0.49534288,0,1
0.49517465,0,0
0.4947587,0,1
0.493664,0,0
0.49455178,0,1
0.4946446,0,1
0.4966917,0,0
0.494707,0,0
0.49503684,0,0
0.49505916,0,1
0.49393287,0,1
0.49585396,0,1
0.4952024,0,0
0.4966664,0,0
0.49509257,0,0
0.4967748,0,0
0.4935038,0,0
0.49425754,0,0
0.49549326,0,0
0.49531877,0,1
0.49465448,0,0
0.49430117,0,1
0.49587604,0,1
0.49488333,0,1
0.4953881,0,1
0.4968664,0,1
0.49463955,0,1
0.49491218,0,1
0.49504605,0,0
0.4951616,0,1
0.49577114,0,0
0.49393618,0,0
0.49437562,0,0
0.49393293,0,1
0.494704,0,1
0.49471265,0,0
0.49557775,0,1
0.49485365,0,0
0.49399352,0,0
0.49651843,0,1
0.4956907,0,0
0.49466196,0,0
0.49418974,0,1
0.49404144,0,1
0.495115,0,1
0.4941915,0,0
0.4953162,0,1
0.49664667,0,0
0.4937797,0,0
0.49421793,0,1
0.49561873,0,1
0.49633306,0,1
0.49494734,0,1
0.4956919,0,0
0.49413592,0,0
0.49575132,0,1
0.4943729,0,0
0.49606642,0,0
0.4938062,0,1
0.4944444,0,1
0.49395362,0,0
0.49479023,0,1
0.4969051,0,1
0.49498212,0,0
0.49703714,0,1
0.49481818,0,1
0.49478272,0,0
0.49509138,0,0
0.49483803,0,1
0.495094,0,0
0.4941995,0,0
0.49401823,0,0
0.4970494,0,0
0.4957247,0,0
0.49549082,0,0
0.49404576,0,0
0.49612704,0,1
0.4961939,0,0
0.49422443,0,0
0.4968458,0,0
0.49404928,0,0
0.49644107,0,0
0.49490088,0,1
0.4960118,0,0
0.49410802,0,1
0.4948782,0,1
0.494198,0,0
0.49683908,0,0
0.49370298,0,1
0.49492607,0,0
0.4947298,0,1
0.49436077,0,1
0.49459308,0,1
0.49518192,0,0
0.49495363,0,1
0.49457136,0,1
0.4945761,0,1
0.49577418,0,0
0.49462807,0,0
0.4952064,0,0
0.49637306,0,1
0.49487245,0,1
0.4940929,0,0
0.49465466,0,1
0.49417618,0,0
0.49579218,0,1
0.49529684,0,1
0.49512687,0,0
0.4960336,0,0
0.49456853,0,1
0.494465,0,1
0.49565485,0,1
0.49398005,0,0
0.49441227,0,0
0.49471113,0,1
0.49381915,0,0
0.49350148,0,0
0.49562204,0,1
0.49648482,0,1
0.49532554,0,0
0.49698606,0,0
0.49626353,0,0
0.49461275,0,1
0.49543664,0,1
0.49550253,0,1
0.494374,0,0
0.49481246,0,0
0.49543494,0,1
0.49666825,0,0
0.49664715,0,0
0.4953345,0,0
0.49543145,0,0
0.49487412,0,1
0.49411228,0,1
0.4951208,0,1
0.4955149,0,0
0.49564794,0,0
0.49520564,0,0
0.49464893,0,1
0.49457514,0,0
0.49620306,0,1
0.4960706,0,0
0.4958927,0,1
0.49485055,0,0
0.49457076,0,0
0.49669972,0,1
0.49487898,0,1
0.4966097,0,1
0.49531308,0,0
0.49463704,0,0
0.49429417,0,1
0.49583128,0,1
0.49461788,0,0
0.4948165,0,1
0.49489307,0,0
0.49461937,0,0
0.49549514,0,1
0.49392477,0,1
0.49504673,0,0
0.49557376,0,1
0.4957454,0,1
0.49483496,0,1
0.4954791,0,1
0.49463674,0,1
0.4954236,0,0
0.4943039,0,1
0.49452662,0,1
0.49487993,0,0
0.49455318,0,1
0.4947444,0,1
0.49420604,0,0
0.4943739,0,0
0.49487495,0,0
0.49476427,0,0
0.49386138,0,0
0.49689955,0,0
0.49642706,0,1
0.4939555,0,1
0.49557182,0,0
0.49489623,0,0
0.4960137,0,1
0.494571,0,0
0.49527994,0,1
0.49538293,0,0
0.49392545,0,0
0.49440375,0,1
0.494555,0,1
0.49415758,0,1
0.4956775,0,1
0.4950186,0,1
0.49496874,0,1
0.49499512,0,1
0.4950439,0,0
0.49429956,0,1
0.49529245,0,0
0.4957172,0,0
0.4944781,0,0
0.49422836,0,1
0.49393335,0,0
0.49504876,0,0
0.4949241,0,0
0.4968365,0,0
0.4956566,0,0
0.4946725,0,1
0.4945399,0,0
0.49531707,0,1
0.49553508,0,0
0.49435964,0,0
0.49463972,0,1
0.4957348,0,0
0.4951829,0,1
0.49465337,0,0
0.49438116,0,1
0.49486008,0,0
0.4945871,0,1
0.49694282,0,0
0.49600995,0,0
0.49535426,0,0
0.4947557,0,0
0.49467728,0,0
0.49525753,0,1
0.49643144,0,1
0.49394232,0,0
0.4954925,0,1
0.49595553,0,1
0.4951572,0,0
0.49553502,0,0
0.49541748,0,1
0.49513873,0,1
0.49627748,0,0
0.49715704,0,1
0.49405834,0,0
0.4948897,0,1
0.49420944,0,1
0.49445248,0,0
0.49474564,0,1
0.4955609,0,0
0.49445796,0,0
0.49397963,0,1
0.49597904,0,1
0.49479383,0,0
0.49552718,0,0
0.49547487,0,1
0.49473584,0,1
0.49672204,0,1
0.49415404,0,0
0.49392802,0,0
0.4963739,0,0
0.49415568,0,0
0.49559885,0,1
0.49451023,0,1
0.4935771,0,1
0.49430993,0,0
0.494131,0,1
0.4939746,0,0
0.4943808,0,1
0.49611184,0,0
0.49491966,0,1
0.49515292,0,0
0.49409953,0,1
0.49413428,0,0
0.4940331,0,1
0.49402177,0,1
0.4949967,0,0
0.4960142,0,0
0.495182,0,0
0.495101,0,1
0.49518174,0,1
0.49492708,0,0
0.49420273,0,0
0.49571648,0,1
0.4947971,0,0
0.49569726,0,1
0.49605522,0,0
0.49678344,0,0
0.49555996,0,1
0.49482122,0,0
0.49469608,0,0
0.49370337,0,1
0.49618396,0,0
0.49468204,0,1
0.4955061,0,1
0.49589652,0,0
0.4946779,0,1
0.49504986,0,0
0.4966245,0,1
0.49447498,0,1
0.49448872,0,0
0.49511185,0,0
0.49535498,0,0
0.49573547,0,1
0.49495327,0,0
0.4944937,0,1
0.49568835,0,0
0.49580607,0,0
0.49488539,0,0
0.49619493,0,1
0.4945071,0,1
0.49471542,0,0
0.49512663,0,1
0.4957269,0,0
0.49486408,0,0
0.49471176,0,0
0.49678594,0,0
0.49510816,0,1
0.4943104,0,0
0.49685892,0,1
0.49620193,0,0
0.49561733,0,0
0.4932259,0,0
0.49422157,0,0
0.49419177,0,0
0.49633092,0,0
0.49478775,0,1
0.49395272,0,0
0.494325,0,1
0.49486923,0,1
0.49525943,0,1
0.49498206,0,1
0.49391636,0,1
0.49441335,0,0
0.4949347,0,1
0.49551088,0,0
0.49468088,0,1
0.49488574,0,1
0.4951791,0,1
0.49586824,0,0
0.49454388,0,1
0.4968181,0,0
0.49512833,0,0
0.4953282,0,1
0.49502674,0,1
0.4942512,0,1
0.49464238,0,1
0.49429893,0,1
0.49616817,0,0
0.4941385,0,0
0.49483708,0,0
0.49442774,0,0
0.4949933,0,1
0.49694988,0,1
0.49466002,0,1
0.49393058,0,0
0.4942657,0,0
0.49567536,0,1
0.495493,0,0
0.4964996,0,0
0.494894,0,0
0.49698365,0,1
0.4958513,0,0
0.49469605,0,1
0.494421,0,1
0.4944647,0,1
0.4945183,0,1
0.49492824,0,1
0.49629346,0,0
0.4954225,0,1
0.4943452,0,0
0.49409762,0,0
0.49500877,0,0
0.4950116,0,1
0.49618328,0,0
0.49540976,0,1
0.4934973,0,1
0.49541116,0,1
0.49430716,0,0
0.4953974,0,1
0.49456495,0,0
0.4941884,0,1
0.4944516,0,0
0.4955025,0,0
0.49435285,0,0
0.494139,0,1
0.49467343,0,0
0.49537674,0,1
0.4951416,0,1
0.49366933,0,1
0.49506745,0,1
0.49532655,0,0
0.49561822,0,0
0.49456853,0,1
0.49475667,0,0
0.49565563,0,0
0.49498448,0,1
0.49616536,0,1
0.4961267,0,1
0.49489197,0,0
0.49455956,0,1
0.4956055,0,1
0.49537557,0,0
0.49472693,0,0
0.49501202,0,0
0.49383512,0,0
0.49478787,0,0
0.49393684,0,1
0.49428594,0,1
0.49467537,0,0
0.49534178,0,0
0.49702373,0,0
0.49499947,0,1
0.49411982,0,0
0.4957206,0,0
0.4945907,0,1
0.49400163,0,1
0.49547994,0,1
0.49398184,0,1
0.49434254,0,1
0.4959131,0,1
0.49338242,0,0
0.4947519,0,1
0.49438626,0,0
0.49448803,0,0
0.49568492,0,0
0.49453694,0,1
0.49441683,0,1
0.49561644,0,1
0.49399891,0,1
0.49471688,0,1
0.49330088,0,1
0.49386093,0,1
0.4957776,0,1
0.49419555,0,0
0.4938229,0,0
0.49477142,0,0
0.49443007,0,1
0.49508435,0,1
0.49483627,0,0
0.49533507,0,0
0.49478915,0,0
0.4962347,0,0
0.4969292,0,0
0.4937185,0,0
0.4946108,0,0
0.4940589,0,1
0.49476546,0,1
0.4952588,0,1
0.49511862,0,0
0.49532777,0,1
0.49448442,0,0
0.4946965,0,0
0.4960973,0,0
0.4958323,0,0
0.4950967,0,1
0.496605,0,1
0.49492964,0,1
0.49545372,0,1
0.49608642,0,1
0.49625346,0,1
0.4965033,0,0
0.49707866,0,1
0.49646717,0,1
0.4948444,0,1
0.49555477,0,0
0.4961917,0,1
0.4937624,0,0
0.4958706,0,0
0.4941161,0,0
0.4958921,0,1
0.4939844,0,1
0.4943289,0,0
0.4942848,0,0
0.4943927,0,0
0.49472117,0,1
0.49550945,0,0
0.4950661,0,1
0.49412692,0,0
0.49475807,0,1
0.49425527,0,0
0.49458355,0,0
0.49520633,0,0
0.49495643,0,0
0.49590737,0,0
0.49416053,0,0
0.49396095,0,0
0.49516827,0,1
0.4946347,0,1
0.49335623,0,0
0.4949227,0,0
0.49490646,0,1
0.4942973,0,0
0.49429518,0,0
0.4948455,0,0
0.49637106,0,1
0.4970245,0,1
0.49582773,0,1
0.49462223,0,1
0.49587852,0,1
0.4966881,0,1
0.49397022,0,0
0.49511638,0,1
0.4957518,0,1
0.4959877,0,1
0.49616626,0,0
0.4951157,0,1
0.4950702,0,0
0.4946733,0,1
0.49514773,0,1
0.49547052,0,0
0.49545285,0,1
0.49566633,0,1
0.49397278,0,1
0.49604458,0,1
0.4956778,0,0
0.4947239,0,0
0.49553332,0,0
0.4960543,0,1
0.49455833,0,0
0.4956547,0,0
0.49567008,0,0
0.49492514,0,1
0.4957023,0,1
0.49449757,0,1
0.49597153,0,0
0.49460486,0,0
0.49387553,0,0
0.49422967,0,0
0.49417198,0,0
0.49478948,0,1
0.4949476,0,0
0.49495542,0,1
0.4966526,0,1
0.4946623,0,0
0.49666128,0,1
0.49604365,0,1
0.4965366,0,0
0.49441236,0,0
0.49694893,0,1
0.49463314,0,0
0.49420694,0,1
0.49392116,0,0
0.49469543,0,1
0.49556676,0,1
0.49408317,0,0
0.49432784,0,0
0.49407542,0,1
0.49487862,0,0
0.49414772,0,1
0.49511555,0,1
0.4965638,0,0
0.4935498,0,1
0.49442026,0,0
0.49381876,0,0
0.4960986,0,1
0.49433815,0,0
0.49397328,0,0
0.49332651,0,0
0.49467248,0,0
0.49464643,0,0
0.49525124,0,0
0.49537155,0,0
0.49442133,0,1
0.49477857,0,1
0.49517637,0,1
0.4943559,0,0
0.4945634,0,1
0.49498308,0,1
0.49619165,0,1
0.49415496,0,0
0.4951321,0,1
0.49407822,0,0
0.4955207,0,1
0.49524125,0,1
0.49479687,0,0
0.4953299,0,0
0.4953204,0,0
0.49568933,0,1
0.49581736,0,1
0.49618125,0,0
0.49421346,0,1
0.49577412,0,1
0.4939918,0,0
0.4943898,0,1
0.49391922,0,0
0.4955148,0,0
0.49511206,0,1
0.49433643,0,0
0.49373138,0,0
0.49430522,0,0
0.4934749,0,0
0.4954165,0,0
0.4968818,0,0
0.49529108,0,0
0.49464345,0,0
0.49541345,0,0
0.49596414,0,0
0.4949243,0,0
0.49437532,0,1
0.49630228,0,1
0.49417028,0,0
0.4946656,0,1
0.49372473,0,1
0.49650013,0,0
0.4940997,0,0
0.4941446,0,1
0.49431747,0,0
0.49382547,0,0
0.49488664,0,0
0.49564454,0,1
0.4959454,0,1
0.49387285,0,1
0.49488184,0,0
0.49563977,0,0
0.49529624,0,1
0.4952452,0,1
0.4948391,0,1
0.49402374,0,1
0.49672386,0,1
0.49520972,0,0
0.49648562,0,0
0.49549508,0,0
0.49633554,0,0
0.49344727,0,1
0.4948986,0,1
0.49505866,0,0
0.49485505,0,1
0.4931021,0,1
0.49371862,0,1
0.49484038,0,0
0.49387687,0,1
0.49328503,0,0
0.49558017,0,0
0.49635747,0,1
0.4939839,0,1
0.49611208,0,0
0.49698848,0,1
0.49631348,0,1
0.49338254,0,0
0.49637917,0,1
0.49451983,0,0
0.49525753,0,0
0.49683908,0,0
0.49465767,0,0
0.4937796,0,0
0.49565637,0,1
0.4940722,0,1
0.494834,0,1
0.4945094,0,1
0.49629796,0,1
0.49514812,0,1
0.49405542,0,0
0.49395916,0,0
0.49705806,0,1
0.4945965,0,0
0.49599472,0,1
0.49552637,0,0
0.49492508,0,1
0.4954565,0,0
0.49591532,0,1
0.49673346,0,0
0.4952626,0,1
0.49404716,0,0
0.4948226,0,1
0.4964277,0,0
0.49622035,0,1
0.493974,0,0
0.494939,0,0
0.49494898,0,1
0.49587005,0,1
0.49404535,0,0
0.49506667,0,1
0.4968818,0,0
0.49484244,0,1
0.49470457,0,1
0.49547538,0,0
0.49561638,0,0
0.49502742,0,1
0.49451116,0,0
0.49418503,0,1
0.49587467,0,0
0.4954774,0,0
0.49544016,0,0
0.49516556,0,0
0.4946858,0,1
0.49685743,0,1
0.49729767,0,0
0.49573487,0,1
0.49600375,0,1
0.49540272,0,1
0.49501014,0,1
0.4937703,0,1
0.49440217,0,0
0.49521184,0,0
0.49484816,0,0
0.49415022,0,0
0.4959405,0,1
0.49536544,0,1
0.49523294,0,0
0.49574304,0,0
0.49380007,0,0
0.4941045,0,0
0.49478677,0,1
0.49499458,0,0
0.49382207,0,0
0.49508694,0,0
0.49686536,0,1
0.49537238,0,1
0.49640808,0,1
0.4947855,0,0
0.4949304,0,1
0.49350938,0,0
0.49356285,0,0
0.4951135,0,1
0.49571827,0,0
0.4946597,0,0
0.49434152,0,0
0.49450967,0,1
0.49458447,0,0
0.49546427,0,0
0.4947296,0,1
0.49416566,0,1
0.49443212,0,0
0.49696663,0,0
0.49535075,0,1
0.4962715,0,0
0.4963061,0,1
0.49587706,0,1
0.49425974,0,1
0.49546948,0,1
0.4942784,0,0
0.49447706,0,1
0.49493885,0,1
0.49556738,0,1
0.49424994,0,0
0.4948365,0,0
0.4955886,0,0
0.49423203,0,0
0.49543846,0,1
0.49553934,0,0
0.49364486,0,0
0.49534637,0,0
0.4957697,0,0
0.49649006,0,1
0.4952126,0,0
0.49569297,0,0
0.49396852,0,1
0.49589548,0,0
0.4962306,0,0
0.4949042,0,1
0.49581835,0,0
0.49407873,0,1
0.49617168,0,1
0.4935544,0,1
0.4962355,0,0
0.49371076,0,0
0.49597842,0,0
0.4945305,0,0
0.4947671,0,0
0.4958023,0,1
0.49529263,0,0
0.49495488,0,0
0.49486613,0,1
0.49434412,0,1
0.4941547,0,1
0.49435115,0,0
0.49441344,0,1
0.49425125,0,0
0.49462745,0,1
0.49610054,0,0
0.4968939,0,0
0.49476218,0,0
0.49421245,0,1
0.49554467,0,0
0.4949003,0,0
0.49399707,0,0
0.49654558,0,0
0.49427888,0,1
0.49473482,0,1
0.49508548,0,1
0.4950718,0,1
0.4958136,0,0
0.4957822,0,0
0.49494845,0,1
0.49625653,0,0
0.49433756,0,0
0.49462214,0,0
0.4942401,0,1
0.49514645,0,1
0.4955258,0,1
0.49586964,0,0
0.4949476,0,1
0.4946153,0,1
0.49536774,0,0
0.49422,0,1
0.49459574,0,0
0.49609137,0,1
0.49622387,0,1
0.49445325,0,0
0.49519885,0,1
0.49517936,0,1
0.49510682,0,1
0.49465153,0,1
0.4954794,0,1
0.49412465,0,0
0.49455643,0,1
0.49480417,0,0
0.49558437,0,1
0.49560323,0,1
0.4938247,0,0
0.49520943,0,0
0.4944987,0,1
0.49522412,0,1
0.49422535,0,0
0.4965161,0,1
0.49458817,0,1
0.4953043,0,0
0.49379715,0,0
0.49546808,0,0
0.4942593,0,0
0.49598894,0,1
0.49683908,0,0
0.49506423,0,0
0.4958685,0,0
0.49634403,0,1
0.49412864,0,1
0.49502248,0,0
0.4952052,0,1
0.4946057,0,1
0.49476793,0,0
0.4956626,0,1
0.49344528,0,0
0.49522164,0,1
0.49562496,0,0
0.49428564,0,0
0.49402815,0,0
0.49601611,0,0
0.49530885,0,0
0.49450555,0,0
0.49456525,0,0
0.49712,0,0
0.4945667,0,0
0.49501637,0,1
0.4940219,0,1
0.49494085,0,1
0.49460202,0,1
0.4949993,0,0
0.49560946,0,1
0.49450117,0,0
0.49668437,0,0
0.4944147,0,1
0.49548677,0,1
0.4948575,0,1
0.49621168,0,0
0.4957972,0,0
0.49483368,0,1
0.49421233,0,0
0.49678344,0,1
0.4946417,0,0
0.49421194,0,0
0.4947778,0,1
0.49481282,0,0
0.4941253,0,0
0.49541074,0,0
0.49579516,0,0
0.49454513,0,1
0.49633408,0,1
0.49414223,0,1
0.4956997,0,0
0.4964231,0,1
0.49461764,0,0
0.49569753,0,1
0.49542913,0,0
0.49499613,0,1
0.49592784,0,0
0.49498427,0,1
0.4953772,0,0
0.49379942,0,0
0.49505064,0,0
0.49509296,0,0
0.4942284,0,1
0.49373862,0,0
0.49460843,0,1
0.4964979,0,0
0.49489707,0,0
0.4954604,0,0
0.49460822,0,1
0.4944528,0,0
0.49456626,0,1
0.49524653,0,1
0.49500528,0,1
0.49484444,0,0
0.4959216,0,0
0.49451002,0,1
0.49369612,0,0
0.4942954,0,0
0.49464667,0,1
0.49430615,0,1
0.4950308,0,0
0.49429727,0,0
0.49497098,0,1
0.4946891,0,0
0.4951926,0,0
0.49465412,0,0
0.49493784,0,0
0.49450627,0,0
0.49534294,0,1
0.49630457,0,1
0.49462554,0,1
0.49334818,0,1
0.49513018,0,1
0.493378,0,0
0.4968881,0,0
0.49378848,0,0
0.4958501,0,1
0.49566922,0,1
0.4936556,0,1
0.49712694,0,0
0.4953837,0,1
0.4969656,0,1
0.49506724,0,1
0.49537954,0,1
0.493677,0,0
0.49431303,0,0
0.49622077,0,0
0.4945502,0,1
0.49392954,0,1
0.4937882,0,0
0.495791,0,1
0.49451548,0,1
0.4938542,0,0
0.49389264,0,0
0.49469307,0,0
0.4945507,0,1
0.4947424,0,0
0.49430248,0,0
0.494237,0,0
0.49474373,0,0
0.4954785,0,1
0.49486947,0,1
0.4944179,0,0
0.49336275,0,1
0.49337903,0,1
0.49480265,0,1
0.4959379,0,0
0.49460927,0,0
0.4956894,0,1
0.49533173,0,1
0.49544176,0,0
0.49414128,0,0
0.49525413,0,0
0.4941504,0,0
0.49477845,0,1
0.49458697,0,1
0.494897,0,0
0.49655077,0,1
0.49469143,0,0
0.4950225,0,1
0.49386612,0,0
0.49588302,0,1
0.4944575,0,1
0.4947634,0,1
0.49419925,0,0
0.49464956,0,0
0.49428108,0,1
0.49634886,0,1
0.49555987,0,0
0.49373338,0,0
0.49468553,0,1
0.49620378,0,0
0.49490362,0,1
0.4959296,0,1
0.49397194,0,0
0.49539733,0,0
0.49430668,0,0
0.4948268,0,1
0.49403793,0,0
0.49544355,0,1
0.49425098,0,0
0.49517605,0,1
0.4944971,0,0
0.4940531,0,1
0.49535954,0,1
0.49711975,0,1
0.4969656,0,1
0.49480626,0,1
0.49550486,0,1
0.4947138,0,1
0.4947523,0,1
0.49566758,0,0
0.49475878,0,1
0.49433556,0,1
0.4956876,0,0
0.49640438,0,0
0.49428156,0,1
0.49557033,0,1
0.49488884,0,1
0.49526012,0,0
0.4939585,0,1
0.49394137,0,0
0.49422124,0,0
0.49438593,0,0
0.49344993,0,1
0.49612278,0,0
0.49500334,0,1
0.4949753,0,0
0.49509114,0,1
0.49442333,0,0
0.49532986,0,0
0.4948956,0,0
0.49462926,0,1
0.49658707,0,1
0.49536902,0,0
0.4952848,0,0
0.4950864,0,1
0.49646264,0,0
0.49618602,0,0
0.49428052,0,1
0.49665934,0,1
0.49473035,0,1
0.4947817,0,1
0.4935264,0,1
0.4966188,0,1
0.49487367,0,0
0.49545184,0,0
0.49372172,0,0
0.49522173,0,1
0.49477693,0,0
0.4949527,0,0
0.49408656,0,0
0.49595273,0,1
0.4954867,0,1
0.4963463,0,0
0.4959785,0,1
0.4943898,0,1
0.49427584,0,0
0.4955284,0,0
0.4944951,0,1
0.49404123,0,1
0.49590316,0,0
0.49540332,0,0
0.49410567,0,0
0.49659574,0,1
0.49451184,0,0
0.49500677,0,1
0.49521542,0,1
0.49495384,0,0
0.49448243,0,1
0.4969656,0,1
0.4952669,0,1
0.49647862,0,0
0.4962021,0,0
0.49655303,0,1
0.49423692,0,1
0.49410832,0,0
0.4947,0,0
0.4951806,0,1
0.49585882,0,0
0.49398956,0,1
0.4957041,0,0
0.4943808,0,0
0.4951485,0,1
0.49415442,0,0
0.49479467,0,0
0.49379978,0,1
0.49490562,0,0
0.49447244,0,0
0.49342582,0,1
0.49493787,0,0
0.49461883,0,1
0.49548855,0,0
0.4946243,0,0
0.49539357,0,1
0.49532592,0,0
0.4948558,0,0
0.49461153,0,0
0.49466506,0,1
0.49637362,0,1
0.4940531,0,1
0.4941574,0,0
0.49437734,0,0
0.4944545,0,0
0.4949291,0,1
0.49603018,0,0
0.4960471,0,0
0.49464014,0,0
0.4948772,0,1
0.49540934,0,0
0.49395972,0,1
0.49374288,0,1
0.49572954,0,0
0.49554175,0,1
0.49517974,0,0
0.4950987,0,0
0.49462146,0,1
0.49700782,0,0
0.49405,0,0
0.49434578,0,0
0.49516687,0,1
0.49510783,0,0
0.49538738,0,0
0.49413818,0,1
0.49578726,0,0
0.49500287,0,0
0.4946526,0,0
0.49571306,0,1
0.49363822,0,1
0.49577007,0,1
0.49479368,0,0
0.49559757,0,0
0.4941222,0,1
0.4944504,0,0
0.49434337,0,1
0.4944629,0,1
0.49512905,0,1
0.49568173,0,0
0.49495184,0,1
0.4948718,0,0
0.49473637,0,0
0.49359545,0,0
0.4944509,0,0
0.49431416,0,1
0.49516854,0,1
0.49483865,0,0
0.49501866,0,0
0.4956646,0,1
0.4949304,0,1
0.4946893,0,0
0.49500144,0,1
0.49422625,0,1
0.4947361,0,0
0.4945589,0,0
0.49660245,0,0
0.4939949,0,1
0.49476156,0,1
0.4949671,0,1
0.4941124,0,0
0.49532828,0,1
0.49582765,0,0
0.4947155,0,1
0.49577773,0,0
0.49513036,0,1
0.49495783,0,1
0.4948558,0,1
0.494557,0,1
0.49405214,0,0
0.49524,0,1
0.49397036,0,1
0.49473134,0,0
0.49510625,0,1
0.49571776,0,1
0.49575433,0,0
0.49520725,0,0
0.4942758,0,1
0.49507776,0,1
0.49443182,0,1
0.49374384,0,1
0.4941014,0,1
0.49421197,0,1
0.49654797,0,1
0.49516296,0,1
0.49621007,0,0
0.49443913,0,0
0.494552,0,1
0.4953219,0,0
0.4935575,0,1
0.49531057,0,0
0.4947148,0,0
0.49493435,0,0
0.49418023,0,0
0.49640173,0,1
0.49450815,0,0
0.49501717,0,0
0.4937687,0,0
0.49698615,0,1
0.4960979,0,0
0.495414,0,1
0.49620476,0,1
0.49449778,0,0
0.4942447,0,1
0.49598342,0,0
0.49602777,0,0
0.49651277,0,1
0.49375486,0,1
0.4923358,0,0
0.4943804,0,0
0.4943801,0,0
0.49662355,0,1
0.49456626,0,1
0.49576688,0,1
0.4943087,0,0
0.4945706,0,0
0.4952547,0,0
0.496423,0,1
0.49494308,0,1
0.49510995,0,0
0.49652404,0,1
0.49383888,0,1
0.4951785,0,1
0.493526,0,0
0.49587804,0,0
0.49650347,0,1
0.49472383,0,0
0.49348068,0,1
0.49527672,0,1
0.49539873,0,1
0.4969018,0,0
0.49424213,0,1
0.4942912,0,0
0.4946008,0,1
0.4945544,0,0
0.4940968,0,0
0.4950108,0,0
0.49486133,0,1
0.4946793,0,1
0.4949536,0,0
0.49439487,0,1
0.49478334,0,0
0.49520764,0,1
0.49705157,0,1
0.49447003,0,1
0.49500564,0,1
0.49479502,0,1
0.49560207,0,1
0.4969656,0,0
0.49441916,0,0
0.49475482,0,1
0.49685377,0,1
0.49698836,0,0
0.4946945,0,0
0.49499285,0,0
0.49455515,0,0
0.4944579,0,0
0.496023,0,0
0.4938247,0,1
0.49526212,0,0
0.49564818,0,0
0.49410695,0,0
0.49444246,0,1
0.49539754,0,1
0.4944962,0,1
0.49486387,0,0
